{"cameraMode":{"drawMode":0,"name":"Shaded","section":"Shading Mode"},"sceneLighting":true,"audioPlay":false,"sceneViewState":{"showFog":true,"showMaterialUpdate":false,"showSkybox":true,"showFlares":true,"showImageEffects":true,"showParticleSystems":true,"showVisualEffectGraphs":true,"m_FxEnabled":true},"in2DMode":false,"pivot":{"x":-34.861000061035159,"y":7.924866199493408,"z":27.273452758789064},"rotation":{"x":-0.39939549565315249,"y":0.041780028492212298,"z":-0.01822320744395256,"w":-0.9156466722488403},"size":3.7572903633117677,"orthographic":false}