{"cameraMode":{"drawMode":0,"name":"Shaded","section":"Shading Mode"},"sceneLighting":false,"audioPlay":false,"sceneViewState":{"showFog":true,"showMaterialUpdate":false,"showSkybox":false,"showFlares":true,"showImageEffects":true,"showParticleSystems":true,"showVisualEffectGraphs":true,"m_FxEnabled":true},"in2DMode":false,"pivot":{"x":-30.317638397216798,"y":3.5200157165527345,"z":0.15610885620117188},"rotation":{"x":0.1723211407661438,"y":0.10028386116027832,"z":-0.017639372497797014,"w":0.9797687530517578},"size":11.942391395568848,"orthographic":false}